chapter	q	question	was	now	kind
1	3	Height of Tropopause at Poles is ………	(c) 08 km	(b) 16–18 km	ANSWER CHANGED
1	5	Height of tropopause ………	(c) Varies with Latitude	(b) 16–18 km	ANSWER CHANGED
1	6	Above 8 km the lower temperatures are over ………	(c) Poles	(a) Equator	ANSWER CHANGED
1	31	Half of the atmospheric air mass is contained ……… below	(b) 15,000 ft (~6 km ≈ 19,685 ft; closest is ~18,000 ft; textbook stat	(a) 20,000 ft	ANSWER CHANGED
1	32	In jet standard atmosphere the Lapse Rate is ………	(a) 2°C/1000 ft	(a) 2°C/1000 ft	EXPLANATION CLEANED (answer kept)
1	34	In actual atmosphere the lapse rate could ………	(a) Assume any value	(c) –03.5°C	ANSWER CHANGED
1	35	Tropical Tropopause extends from the equator to Lat. 35°–40°. Over India it is at ………	(c) 16–16.5 km (or option b 14–15 km per textbook)	(c) 16–16.5 km	ANSWER CHANGED
1	37	Most of the water vapour in the atmosphere is confined up to ………	(d) lower troposphere	(b) 30,000 ft	ANSWER CHANGED
1	40	One of the characteristics of our atmosphere is ………	(a) Poor conductor of heat and electricity	(a) Poor conductor of heat and electricity	EXPLANATION CLEANED (answer kept)
1	45	There is reversal of temperature at poles and becomes negative at ………	(a) 8 km	REMOVED (unanswerable as printed / duplicate)	DROPPED
2	3	In a high pressure area winds are	(a) Normal	(c) Weak	ANSWER CHANGED
2	4	Flying from Low to High, an altimeter would read	(c) Constant	(b) Under	ANSWER CHANGED
2	6	What kind of a barometer is an altimeter?	(b) Mercury	(a) Aneroid	ANSWER CHANGED
2	8	Bad weather and better visibility is associated with	(a) High	(b) Low	ANSWER CHANGED
2	9	The relationship between height and pressure is use in construction of	(c) V S I	(a) Altimeter	ANSWER CHANGED
2	11	Two aircraft flying at same indicated altitude with altimeters set to 1013.2 hPa. One is f	(b) Aircraft flying over cold air mass Over cold air, the pressure lev	(a) Aircraft flying over warm air mass	EXPLANATION CLEANED (answer kept)
2	36	QNH of an aerodrome 160 m AMSL is 1005 hPa. QFE? Assuming 1 hPa = 8m	(c) 1005 hPa	(b) 985 hPa	ANSWER CHANGED
2	38	What type of inversion occurs when a stable layer lies in a high pressure area?	(a) Negative	(c) Subsidence	ANSWER CHANGED
2	39	Which of the following would cause true altitude to change when altimeter indicates consta	(a) Warm/Low Flying into warmer air at lower pressure: the pressure-he	(c) Cold/Low	ANSWER CHANGED
3	1	Diurnal variation of temperature is greatest when wind is	(b) light With calm/light winds, there is minimal mixing	(a) calm	ANSWER CHANGED
3	2	Diurnal variation of temperature is maximum over	(c) land Land has low specific heat (0.2)	(a) calm	ANSWER CHANGED
3	5	During Day the ambient temperature is ……… than ground	(b) Higher Wait	(a) Lower	ANSWER CHANGED
3	6	Diurnal variation of temperature over ocean is	(c) Less than 1°C Sea surface temperature varies by less than 1°C from	(a) calm	ANSWER CHANGED
3	7	At a coastal station the diurnal variation of temperature depends on	(c) Radiation Textbook answer key Q7 = c. The diurnal variation primar	(a) Wind direction	ANSWER CHANGED
3	12	Specific heat of land is ……… than that of water	(c) Higher	(a) Lower	ANSWER CHANGED
3	17	Higher the temperature, ……… would be the wavelength of emitted radiation	(a) longer	(b) shorter	ANSWER CHANGED
3	23	Fall of temperature in a layer with height in a day, indicates	(a) Isothermal layer	REMOVED (unanswerable as printed / duplicate)	DROPPED
3	27	The flow of heat near earth surface is 77% by	(a) Sensible Heat	(b) Latent Heat	ANSWER CHANGED
3	28	−40°C = −40°F	(b) False	(a) True	ANSWER CHANGED
3	35	Convert 68°F to Kelvin temperature	(b) 294K C = 5/9 × (68−32) = 5/9 × 36 = 20°C; K = 20 + 273 = 293K ... 	(d) 293K	ANSWER CHANGED
4	6	For given pressure and temperature, moist air has density:	(b) Lower	(b) Lower	EXPLANATION CLEANED (answer kept)
4	9	Temperature being constant, if pressure increases the density altitude:	(a) increases	(b) lowers	ANSWER CHANGED
5	4	On a rainy day compared to sunny day the length of runway required is:	(b) Less	(a) More	ANSWER CHANGED
5	8	The actual amount of water vapour contained in a given volume of air at a given temperatur	(a) Relative Humidity	(c) Absolute Humidity	ANSWER CHANGED
5	9	Humidity Mixing Ratio ………… when air is lifted adiabatically:	(c) increases	(b) remains constant	ANSWER CHANGED
6	15	Squall are distinguished from gusts by:	(b) Longer duration	(b) Longer duration	EXPLANATION CLEANED (answer kept)
6	17	On a weather map if isobars are closely packed, the surface winds are likely to be	(c) Strong and blowing across the isobars	(b) Strong and parallel to isobars	ANSWER CHANGED
6	27	The wind blows anticlockwise around a low in S- hemisphere	(b) False	(a) True	ANSWER CHANGED
6	31	Lower level wind 05010kt, upper level wind 23005kt, what is the thermal wind	(c) 05015kt	(b) 23015kt	ANSWER CHANGED
6	34	Sudden change in wind speed from 10 to 30kt and then to 15kt for 2-3 minutes	(b) Squall	(a) Gust	ANSWER CHANGED
6	35	Sudden change in wind speed from 10kt to 30kt for 2 - 3 minutes	(b) Squall	(a) Gust	ANSWER CHANGED
6	41	Gradient wind is ……… of the geostrophic wind of the anticyclone	(V > Vg). The centripetal force in anticyclone adds to Coriolis, so ac	REMOVED (unanswerable as printed / duplicate)	DROPPED
6	45	Upper level wind is 24025kt, lower level wind is 06015kt, the thermal wind is?	(c) 24010kt	(b) 24040kt	ANSWER CHANGED
7	10	Radiation fog forms over ……	(b) Land	(b) Dec to Feb	ANSWER CHANGED
7	18	Frontal fog is more common with a:	(c) Cold Front	(c) Warm Front	ANSWER CHANGED
7	19	The favourable pressure system for formation of fog is:	(c) Highs (Anticyclones) and Ridges	(d) Highs and Cols	ANSWER CHANGED
9	1	DALR = 9.8°C, ELR = 6.8°C — atmosphere is	(a) stable [for dry air] / Conditionally Unstable overall	(a) stable	ANSWER CHANGED
10	11	Corona are formed due to light passing through	(c) small water or ice particles only [primarily water]	(b) Diffraction	ANSWER CHANGED
10	19	Sometimes a halo with a radius of ......... is observed, called Large Halo	(b) 42°	(b) 42°	EXPLANATION CLEANED (answer kept)
11	3	The clouds whose tops do not extend to the freezing level are called	(a) Warm Clouds	(b) Cold Clouds	ANSWER CHANGED
11	11	Rainfall in the tropics is more in the	(b) Afternoon	(b) Summers / Afternoons	ANSWER CHANGED
11	17	Artificial rain making is also termed as	(c) Nucleation (textbook answer)	(b) Cloud seeding	ANSWER CHANGED
13	11	Generally the mature activity of a heat type, TS is for:	(b) 30 to 45 min	(b) 30 to 45 min	EXPLANATION CLEANED (answer kept)
13	13	Norwesters occur during:	(b) Hot weather	(b) Mar–May	ANSWER CHANGED
13	16	Norwesters normally occur during:	(a) Mornings	(b) Afternoons	ANSWER CHANGED
13	17	Norwesters originates over:	(b) Deccan Plato	(a) Chota-Nagpur hills	ANSWER CHANGED
13	22	For detecting precipitation a Radar wavelength in the range ……… is suitable:	(b) 400–500 mm	(a) 30 to 200 mm	ANSWER CHANGED
13	23	For airborne radars wavelength generally used:	(b) 40 mm (4 cm)	REMOVED (unanswerable as printed / duplicate)	DROPPED
13	24	The wavelength of TS detection X band radar is:	(b) 20 mm (2 cm? or 30 mm?)	(c) 30 mm	ANSWER CHANGED
13	30	Loud peals of thunder, frequent flashes of lightning, moderate or heavy showers accompanie	(a) / (b) Moderate TS	(b) Moderate TS	ANSWER CHANGED
13	32	Severe TS cells are tilted:	(a) in a vertical	(a) in vertical	ANSWER CHANGED
13	33	When flying through an active TS, lighting strikes are most likely:	(a) Above 5000 ft and under the anvil	(c) In the temperature band between +10° and −10°C	ANSWER CHANGED
13	34	Hazards of TS to aircraft of a TS Cell include turbulence, lightning, and:	(a)	(b) Icing, microburst and WS	ANSWER CHANGED
14	2	The airmass which originates over equatorial region is:	(b) Warm and Moist	(a) Polar maritime (Pm)	ANSWER CHANGED
14	4	The airmass which originated over land area located in polar region is:	(c) Cold and dry	(a) Polar maritime (Pm)	ANSWER CHANGED
14	12	Fronts are associated with:	(a) per answer key. Note: Frontal TS are associated with tropical cycl	(c) Extra-tropical cyclones	ANSWER CHANGED
14	15	The air mass which originates from sea area located in lower lat is:	(a) Warm and Moist	(a) Polar maritime (Pm)	ANSWER CHANGED
14	20	Ci, CS, AS, ST in sequence are associated with the front:	(b) [should be (a) Warm Front]	(a) Warm	ANSWER CHANGED
14	22	Visibility is poor in a Warm Front:	(a) Ahead	(b) Ahead & During	ANSWER CHANGED
14	23	Fog occurs in Cold Front:	(a) Ahead	(c) After	ANSWER CHANGED
14	26	Precipitation ceases after the passage of a front:	(a) Cold	(b) Warm	ANSWER CHANGED
15	1	The arbitrary lower limit of jet core velocity has been assigned by WMO as:	(a) 60 kt (= 30 m/sec)	(a) 60 kt	ANSWER CHANGED
15	4	Compared to horizontal wind shear, the vertical wind shear in a jet stream is:	(lateral change in wind speed) is very large, while the vertical wind 	REMOVED (unanswerable as printed / duplicate)	DROPPED
15	5	In a jet stream, the path of maximum speed is known as:	(a) Core	(b) Axis	ANSWER CHANGED
15	8	Sub-tropical Jet Stream (STJ) is:	(a) Westerly	(a) Westerly	EXPLANATION CLEANED (answer kept)
15	9	Sub-tropical Jet Stream is located between:	(b)	(a) Westerly	ANSWER CHANGED
15	10	The normal position of Sub-tropical Jet Stream is:	(normal/mean position over India)	REMOVED (unanswerable as printed / duplicate)	DROPPED
15	16	Vertical wind shear in STJ is greater:	(b) above (the jet core)	(a) below	ANSWER CHANGED
15	19	TJ is located over India approximately at a height of 15–16 km. It is in:	(a) July–August	(b) 15–16 km	ANSWER CHANGED
15	21	A jet stream can be recognised by:	(a) per answer key	(c) Streaks of Ci Lenticular clouds	ANSWER CHANGED
15	24	When tropical jet stream occurs:	(June to August)	REMOVED (unanswerable as printed / duplicate)	DROPPED
15	25	When and where tropical jet stream occurs:	(c) / Summers over Asia and Africa	(c) In summers over SE Asia and Central Africa	ANSWER CHANGED
17	2	For mountain waves to form, the wind speed for small mountains should be at least:	(c) 7 m/s for small mountains	(a) 30°	ANSWER CHANGED
17	3	For mountain waves to form, the wind speed for large mountains should be at least:	(a) 15 m/s for large mountains	(a) 30°	ANSWER CHANGED
17	4	For mountain waves to form there should be ….. air below the ridge and less stable air abo	(a) Stable	(a) 30°	ANSWER CHANGED
18	2	Fronts are characteristic of:	(c) Both	(b) Extra-tropical depressions	ANSWER CHANGED
18	3	In a mature tropical cyclone, the eye area is characterised by:	(c) Calm wind, little clouding and practically no rainfall	(c) calm wind, little clouding and practically no rainfall	EXPLANATION CLEANED (answer kept)
18	4	Cyclonic storm cross Tamil Nadu coast during:	(a) Dec–Nov (Oct–Nov is max frequency; TN coast receives post-monsoon 	(a) Oct–Nov	ANSWER CHANGED
19	4	During Summer season, the WDs cause TS activity over Punjab & Rajasthan and track of WD is	(c) Track of WD is southern most (in summer WDs track further south ov	(c) Northern most part of country	ANSWER CHANGED
19	7	The monsoon advances with Bay of Bengal current only.	(Option not well-formed in the text; answer = two distinct branches)	(c) Bay of Bengal and Arabian Sea currents	ANSWER CHANGED
20	12	Rising air creates calms or doldrums in equatorial region. Q13. Steady NE winds in the N h	(b) Trade Winds	REMOVED (unanswerable as printed / duplicate)	DROPPED
20	14	(Answer key question) Q14 Answer: a (ITCZ — Rising air creates calms or doldrums), Q15 Ans	(Trade Winds), Q14-a, Q15-b	REMOVED (unanswerable as printed / duplicate)	DROPPED
21	1	For non-scheduled National Flights, advance notice (before ETD) is required to be given to	(c) 6 hr Non-scheduled flights must give 6 hr advance notice to AMOs. 	(c) 6 hr	ANSWER CHANGED
21	2	For non-scheduled National Flights, advance notice to AMSs is required:	(b) 18–24 hr AMSs require 18–24 hr advance notice for all flight types	(c) 6 hr	ANSWER CHANGED
21	3	WAFS provides high quality en-route forecasts of winds and temperature to Met Offices:	(b) SIGMET	(a) high-quality en-route forecasts of winds and temperature	ANSWER CHANGED
21	4	IMD has ……… Regional Met offices:	(c) 6	(c) 6	EXPLANATION CLEANED (answer kept)
21	5	There are ………… Aerodrome Met Offices:	(c) 19	(b) 18	ANSWER CHANGED
21	6	There are ………… Aeronautical Met Stations:	(a) 56	(b) 54	ANSWER CHANGED
21	10	Landing Forecast is appended to:	(b) TAF	(a) METAR and SPECI	ANSWER CHANGED
21	24	GAMET is an area forecast in abbreviated plain language for:	(b) high level flights	(a) low level flights	ANSWER CHANGED
24	2	The range of wind speed is:	(b) 16–22 kt	(c) 18–22 kt	ANSWER CHANGED
24	3	The type of medium cloud is:	(c) AC & AS	(a) AC	ANSWER CHANGED
24	4	Low clouds are:	(a) CU	(c) ST	ANSWER CHANGED
24	7	Amount of lowest cloud is:	(c) 3/8	(c) 3/8	EXPLANATION CLEANED (answer kept)
24	8	Dew Point temperature range is:	(b) 29.1 to 30.4°C	(a) 29.5 to 30.4°C	ANSWER CHANGED
24	14	Rainfall amount is:	(b) 1.5 mm	(c) 1.6 to 2.4 mm	ANSWER CHANGED
24	17	Direction of movement of Ship:	(b) SW	(c) NE	ANSWER CHANGED
24	18	Speed of Ship reported is averaged for:	(b) 6 hr	(a) 3 hr	ANSWER CHANGED
24	19	Surface visibility is:	(a) 500 to <1000 m	(c) 2000 to <4000 m	ANSWER CHANGED
25	2	The METAR has been issued at:	(b) 0230 UTC	(b) 16th	ANSWER CHANGED
25	3	The surface wind speed is:	(a) 2–6 kt	REMOVED (unanswerable as printed / duplicate)	DROPPED
25	13	Height of base of CB is:	(a) 2500 ft	(c) 2500 ft	EXPLANATION CLEANED (answer kept)
25	17	Expected visibility after 0415 UTC is:		(c) 10 km or more	ANSWER CHANGED
25	19	Just before the METAR was issued the weather was:	(RE = recent weather prefix)	REMOVED (unanswerable as printed / duplicate)	DROPPED
25	25	Visibility reported in steps of 1000 m when visibility is:	(c) 5000 m to 9999	(a) 800 m to 5000 m	ANSWER CHANGED
25	26	Visibility reported 9999 when visibility is:	(c) 10 km or more	(a) 800 m to 5000 m	ANSWER CHANGED
25	28	Temperature −12.5°C is reported as:	(c) M 12	(c) M12	EXPLANATION CLEANED (answer kept)
25	38	SPECI is issued when Clouds are BKN or OVC base at 30, 60, 150, 300, 450 m AND cloud amoun	(c) All the above conditions	(a) Any one condition	ANSWER CHANGED
26	2	The TAF has been issued at:	(b) 1830 UTC	(c) 24th	ANSWER CHANGED
26	2	Period of validity of ROFOR is:	(c) 0600 to 1000 UTC	(b) 00 to 09 UTC	ANSWER CHANGED
26	3	The expected surface wind speed is:	(a) 0 kt	(c) 08 kt	ANSWER CHANGED
26	7	Height of base of lowest clouds in TAF is:	(b) 1000 ft	(c) 0800 ft	ANSWER CHANGED
26	8	Weather TSRA is expected after:	(c) 0800 UTC	(a) 0600 UTC	ANSWER CHANGED
26	9	Direction of gusty wind is:	(a) 090°	(c) 120°	ANSWER CHANGED
26	9	Height at which Icing is expected:	(a) 21,000 ft	(b) 18,000 ft	ANSWER CHANGED
26	11	Amount of lowest cloud is:	(a) 1–2/8	(b) 3–4/8	ANSWER CHANGED
26	14	The height of topmost layer of cloud is:	(c) 28000 ft... actually BKN100 = 100×100 = 10,000 ft. Textbook answer	(c) 28000 ft	ANSWER CHANGED
26	21	Maximum Wind speed expected at height:	(c) 38000 ft	(c) 140 kt	ANSWER CHANGED
26	22	Jet stream is expected at Lat/Long:	(b) 28N75E	(c) 28N70E	ANSWER CHANGED
26	25	Jet stream expected at height of:	(a) 40,000 ft	(c) 38,000 ft	ANSWER CHANGED
28	8	The height indications in Flight Documentation in all aerodrome Met conditions:	(a) Above aerodrome elevation	(b) Flight Levels	ANSWER CHANGED
28	10	For National Flights the winds and temperatures are provided for LL Flights for altitudes:	(a) 600, 1500 and 300 m	(c) Both WAFC upper wind and temp. charts AND National SIGWX charts	ANSWER CHANGED
